Service_ID,Name,Category,Description,Location,Cost,Eligibility,Contact,Provider,Source,UserRating,FriendlyScore,EfficientScore,EasyToUnderstandScore,AccessibilityScore
1,Meals on Wheels,Health & Home Care,Meal delivery service for seniors who cannot cook at home. Hot meals delivered to your door daily by volunteers.,Victoria,Free,Seniors 60+ who are homebound or have mobility limitations,Phone available,Community Organization,BC211,4,5,3,5,5
2,Better at Home Program,Health & Home Care,Non-medical home support such as light cleaning grocery shopping and friendly visits. Helps seniors stay independent at home.,Victoria,Free,Seniors 65+ in Greater Victoria,Phone available,United Way,Government/Community,4,5,4,4,5
3,HandyDART,Transportation,Accessible door-to-door transit service for people with mobility challenges. Book rides for medical appointments shopping and activities. Bus rides transit rides transportation handydart.,Victoria,Low-cost,People with disabilities or mobility limitations including seniors,Phone available,BC Transit,BC211,3,4,4,4,4
4,SAFER Program,Housing,Rental assistance program for low-income seniors. Helps pay rent so seniors can afford to stay in their homes.,Victoria,Subsidized,Low-income seniors 60+ renting in BC,Online/Phone,BC Housing,Government BC,5,4,4,4,4
5,Seniors Health Clinic,Health & Home Care,Medical services specialized for senior patients including wellness checkups chronic disease management and referrals to specialists.,Victoria,Free,Seniors,Phone available,Island Health,Health Authority,4,4,4,4,4
6,Adult Day Program,Social Activities,Day programs with supervision and social activities for seniors. Includes recreation meals and peer connection.,Victoria,Low-cost,Seniors with care needs or isolation,Phone available,Health Authority,Community Directory,3,4,4,4,4
7,Community Meals Program,Food & Nutrition,Provides free or low-cost group meals for seniors in a community setting. Hot lunch served Monday to Friday.,Victoria,Free,Seniors,Phone available,Community Center,Community Source,5,4,4,4,4
8,Seniors Information Line,Health & Home Care,Information and referral services for seniors. Call 211 to find any service you need in BC.,Victoria,Free,All seniors and caregivers,211,BC211,BC211,4,3,3,4,4
9,Home Care Services,Health & Home Care,In-home care including personal care bathing dressing and nursing visits for eligible seniors.,Victoria,Free,Eligible seniors assessed by health authority,Phone available,Island Health,Health Authority,4,4,3,4,4
10,Income Assistance Program,Income Support,Financial support for low-income individuals and seniors. Covers basic living expenses.,Victoria,Free,Low-income residents of BC,Online,Government of BC,Government BC,4,4,5,4,4
11,Senior Peer Support,Social Activities,Volunteer-based emotional and social support for isolated seniors. Friendly phone calls and in-person visits.,Victoria,Free,Seniors experiencing loneliness or isolation,Phone available,Non-Profit,Community Source,4,4,3,4,3
12,Transportation Access Program,Transportation,Subsidized transportation services for seniors to medical appointments grocery stores and community events. Rides bus transit handydart.,Victoria,Low-cost,Seniors 65+ in Greater Victoria,Phone available,Non-Profit,Community Source,4,4,4,4,3
13,Assisted Living Services,Housing,Housing with support services for daily living including meals housekeeping and personal care.,Victoria,Paid,Seniors who need daily support but not full nursing care,Phone available,Health/Private,Health Authority,4,5,3,4,3
14,Food Bank Program,Food & Nutrition,Provides free food hampers for individuals and families facing financial hardship. No questions asked.,Victoria,Free,Low-income individuals and families,Phone available,Food Bank,Community Source,3,4,4,4,4
15,Mental Health Support Line,Health & Home Care,Phone-based mental health support counseling and crisis line available 24 hours 7 days a week.,Victoria,Free,All individuals including seniors,Phone available,Health Services,Government/Health,4,4,3,5,4
16,Caregiver Support Program,Health & Home Care,Support resources education and respite for people caring for seniors or family members with disabilities.,Victoria,Free,Caregivers of seniors or people with disabilities,Phone available,Non-Profit,Community Source,4,4,3,4,4
17,Seniors Legal Assistance,Emergency,Free legal advice and support for seniors facing housing issues elder abuse or financial exploitation.,Victoria,Free,Seniors 60+,Phone available,Legal Aid Org,Government/Legal,4,4,4,4,4
18,Emergency Response Program,Emergency,Personal emergency alert systems for seniors living alone. Press button to get help anytime anywhere.,Victoria,Low-cost,Seniors living alone,Phone available,Private Provider,BC211,4,4,4,4,3
19,Housing Registry Service,Housing,Helps individuals find affordable housing options in Greater Victoria. Connects seniors with subsidized and supportive housing.,Victoria,Free,Low-income individuals and seniors,Phone available,BC Housing,Government BC,4,5,3,4,4
20,Community Recreation Program,Recreation,Recreational programs fitness classes and social activities for seniors. Aquafit yoga walking clubs and crafts.,Victoria,Low-cost,Seniors,Phone available,Community Center,Community Source,5,3,4,4,4
21,HandyDART Booking Service,Transportation,Book accessible transportation rides for medical appointments and errands. Door-to-door bus service for seniors and people with mobility challenges. Transit rides handydart bus.,Victoria,Low-cost,Seniors and people with disabilities,Phone available,BC Transit,BC211,4,3,4,4,5
22,Tax Assistance for Seniors,Taxes & Administrative Support,Free tax filing help for seniors with simple tax returns. Volunteers help complete your income tax forms.,Victoria,Free,Seniors with low income and simple tax situations,Phone available,CRA Volunteer Program,Government BC,4,4,4,5,4
23,Grocery Delivery Program,Food & Nutrition,Free grocery delivery and shopping assistance for seniors who cannot leave home. Delivers nutritious food directly to your door.,Victoria,Free,Homebound seniors 65+,Phone available,Community Volunteers,Community Source,3,4,4,5,5
24,Wheelchair and Walker Loan,Mobility,Free short-term loan of wheelchairs walkers canes and other mobility equipment for seniors and people recovering from injury.,Victoria,Free,Seniors and people with mobility challenges,Phone available,Red Cross,Health Authority,3,5,3,4,5
25,Senior Fitness Classes,Recreation,Low-impact fitness and exercise classes designed for seniors including chair yoga gentle stretching and aquafit.,Victoria,Low-cost,Seniors 55+,Phone available,Recreation Center,Community Source,5,4,4,4,4
26,Alzheimers and Dementia Support,Social Activities,Support groups education and resources for people with dementia and their families and caregivers.,Victoria,Free,People with dementia and their caregivers,Phone available,Alzheimers Society,Non-Profit,4,5,4,4,5
27,Dental Care for Seniors,Health & Home Care,Subsidized dental care and oral health services for low-income seniors including checkups cleaning and extractions.,Victoria,Low-cost,Low-income seniors 65+,Phone available,Island Health,Health Authority,4,3,3,4,4
28,Housing Repair Program,Housing,Home repair and modification grants for low-income seniors to stay safely in their homes. Includes grab bars ramps and accessibility modifications.,Victoria,Free,Low-income homeowners 60+,Online/Phone,BC Housing,Government BC,3,3,4,5,4
29,Volunteer Driver Program,Transportation,Free volunteer-driven rides to medical appointments for seniors who cannot drive. Transit alternative bus alternative rides.,Victoria,Free,Seniors without transportation,Phone available,Community Volunteers,Community Source,4,5,4,4,4
30,Energy Assistance Program,Income Support,Help paying energy bills for low-income seniors. Covers electricity heating and utility costs.,Victoria,Free,Low-income seniors and households,Online,BC Hydro,Government BC,3,5,4,4,4
31,Adult Learning Centre,Education,Adult education programs for seniors including computer literacy English language and life skills workshops.,Victoria,Free,Adults and seniors of all ages,Phone available,School District,Education Authority,4,4,4,4,4
32,Friendly Visitor Program,Social Activities,Trained volunteers visit isolated seniors at home or in care facilities for companionship and social connection.,Victoria,Free,Isolated seniors,Phone available,Non-Profit,Community Source,5,5,3,4,4
33,Senior Abuse Support Line,Emergency,Confidential support and resources for seniors experiencing abuse neglect or financial exploitation.,Victoria,Free,Seniors experiencing any form of abuse,Phone available,Seniors First BC,Government/Legal,4,5,4,5,4
34,Public Transit Pass,Transportation,Subsidized bus pass for low-income seniors to use public transit across Greater Victoria. BC transit bus rides transit.,Victoria,Low-cost,Low-income seniors 65+,Online/Phone,BC Transit,Government BC,3,4,5,4,4
35,Respite Care Services,Health & Home Care,Temporary care for seniors to give their family caregivers a break. In-home or residential short-term stays.,Victoria,Low-cost,Seniors whose caregivers need a break,Phone available,Island Health,Health Authority,5,3,4,4,3
